region,region_abbrev,hemi,region_idx,network,network_abbrev,network_idx,network_region_idx,network_colour,mni_x,mni_y,mni_z
Primary Visual Cortex,V1,R,0,Primary Visual,VIS1,1,4,royalblue,-12.684422073225118,-82.32160778451667,1.5426222460899057
Medial Superior Temporal Area,MST,R,1,Secondary Visual,VIS2,2,97,slateblue,-42.320090262095135,-66.78330635494656,4.320220506166677
Sixth Visual Area,V6,R,2,Secondary Visual,VIS2,2,98,slateblue,-14.297700704900596,-77.73227204508304,26.516316989081783
Second Visual Area,V2,R,3,Secondary Visual,VIS2,2,99,slateblue,-12.524672349892937,-80.10095202594722,2.569908298900672
Third Visual Area,V3,R,4,Secondary Visual,VIS2,2,100,slateblue,-18.63701587319374,-85.21359602014223,3.5803480723542935
Fourth Visual Area,V4,R,5,Secondary Visual,VIS2,2,101,slateblue,-29.22033578749271,-83.08818319590713,-2.4087636576157627
Eighth Visual Area,V8,R,6,Secondary Visual,VIS2,2,102,slateblue,-32.40211030208703,-71.99430860012068,-14.660137011145903
Primary Motor Cortex,4,R,7,Somatomotor,SMN,3,172,paleturquoise,-28.625567984610683,-19.205861798459768,52.17133958942418
Primary Sensory Cortex,3b,R,8,Somatomotor,SMN,3,173,paleturquoise,-37.281792597695265,-23.871226419003023,50.94426550370738
Frontal Eye Fields,FEF,R,9,Cingulo-Opercular,CON,4,247,darkorchid,-39.65653040775886,-5.37729263123933,47.80463447020604
Premotor Eye Field,PEF,R,10,Cingulo-Opercular,CON,4,248,darkorchid,-47.05696176147461,-0.5583544663538536,37.147816070556644
Area 55b,55b,R,11,Language,LAN,6,376,lightseagreen,-47.02996206283569,-0.34918497658509295,45.83557299288308
Area V3A,V3A,R,12,Secondary Visual,VIS2,2,103,slateblue,-16.785216259367672,-89.08441670735677,22.580915339199112
Retrosplenial Complex,RSC,R,13,Frontoparietal,FPN,7,421,yellow,-6.053663952883347,-35.92409238273844,20.350523789078952
Parieto-Occipital Sulcus Area 2,POS2,R,14,Frontoparietal,FPN,7,422,yellow,-10.551041733045238,-69.72417911879774,34.603568978700096
Seventh Visual Area,V7,R,15,Secondary Visual,VIS2,2,104,slateblue,-23.789650255746214,-81.5498470668375,25.93100932740817
Intraparietal Sulcus Area 1,IPS1,R,16,Secondary Visual,VIS2,2,105,slateblue,-23.04989636017501,-71.87751477481397,32.253732327303275
Fusiform Face Complex,FFC,R,17,Secondary Visual,VIS2,2,106,slateblue,-41.354816979628346,-55.98256284762652,-19.09254470482851
Area V3B,V3B,R,18,Secondary Visual,VIS2,2,107,slateblue,-27.37858752509793,-79.87878471395882,15.550923032253062
Area Lateral Occipital 1,LO1,R,19,Secondary Visual,VIS2,2,108,slateblue,-38.53673418512884,-84.01099268595378,2.521131758144676
Area Lateral Occipital 2,LO2,R,20,Secondary Visual,VIS2,2,109,slateblue,-43.08858001047613,-81.20499146169185,-6.6333384266578745
Posterior Inferotemporal Complex,PIT,R,21,Secondary Visual,VIS2,2,110,slateblue,-41.23780892001596,-79.04449227205507,-13.834903425471797
Middle Temporal Area,MT,R,22,Secondary Visual,VIS2,2,111,slateblue,-44.79724192945925,-72.60506870322031,6.084693777438712
Primary Auditory Cortex,A1,R,23,Auditory,AUD,8,505,orchid,-43.33954023361206,-25.204290924072264,9.631451270580293
Perisylvian Language Area,PSL,R,24,Cingulo-Opercular,CON,4,249,darkorchid,-56.82117540374791,-45.664177404099995,20.98556820824657
Superior Frontal Language Area,SFL,R,25,Language,LAN,6,377,lightseagreen,-8.697573312767991,16.90328928452354,60.735268962275875
Precuneus Visual Area,PCV,R,26,Posterior-Multimodal,PMM,10,655,peru,-7.590082678902015,-50.95473121793083,47.57093525468633
Superior Temporal Visual Area,STV,R,27,Posterior-Multimodal,PMM,10,656,peru,-59.81931217417998,-47.35924496370203,13.97608372744392
Medial Area 7P,7Pm,R,28,Frontoparietal,FPN,7,423,yellow,-7.191118698703999,-64.82937921018016,48.003646546967175
Area 7m,7m,R,29,Default,DMN,9,583,red,-5.5881144381919,-61.03188436736101,34.12927523499015
Parieto-Occipital Sulcus Area 1,POS1,R,30,Default,DMN,9,584,red,-11.722135557740499,-58.967937871029505,12.716795921040493
Area 23d,23d,R,31,Default,DMN,9,585,red,-3.2303919918149884,-20.008274201077725,37.109477571312
Area Ventral 23 a+b,v23ab,R,32,Default,DMN,9,586,red,-4.955208811067766,-55.78188631611486,18.07009873082561
Area Dorsal 23 a+b,d23ab,R,33,Default,DMN,9,587,red,-3.287011849305415,-39.81306209204332,30.58971411427112
Area 31p Ventral,31pv,R,34,Default,DMN,9,588,red,-9.266067886069829,-45.856128451381274,31.882585710216418
Area 5m,5m,R,35,Somatomotor,SMN,3,174,paleturquoise,-6.903381365667991,-39.27100235804412,60.08771075785278
Area 5m Ventral,5mv,R,36,Cingulo-Opercular,CON,4,274,darkorchid,-15.08853443520584,-36.1593553060885,47.82780940310616
Area 23c,23c,R,37,Cingulo-Opercular,CON,4,275,darkorchid,-12.003829217394733,-28.085350236793754,41.50684550316545
Area 5L,5L,R,38,Somatomotor,SMN,3,175,paleturquoise,-13.747479825723367,-45.48958075744486,68.0622876857427
Dorsal Area 24d,24dd,R,39,Somatomotor,SMN,3,176,paleturquoise,-8.549889419110901,-17.277846488317333,48.281341672478234
Ventral Area 24d,24dv,R,40,Somatomotor,SMN,3,177,paleturquoise,-9.909634544366924,-2.1051014800744468,43.2902736748339
Lateral Area 7A,7AL,R,41,Somatomotor,SMN,3,178,paleturquoise,-19.13212438872473,-52.53784532952441,62.93888995651837
Supplementary and Cingulate Eye Field,SCEF,R,42,Cingulo-Opercular,CON,4,250,darkorchid,-7.302469909557447,3.306479659040448,54.85745707470875
Area 6m Anterior,6ma,R,43,Cingulo-Opercular,CON,4,251,darkorchid,-16.576337459911716,3.8849296996275475,64.87193737464415
Medial Area 7A,7Am,R,44,Cingulo-Opercular,CON,4,252,darkorchid,-9.20953077664234,-57.6371591963308,58.593384218990174
Lateral Area 7P,7PL,R,45,Dorsal-Attention,DAN,5,327,limegreen,-12.949157588225974,-71.7713527930883,50.43766878778202
Area 7PC,7PC,R,46,Somatomotor,SMN,3,179,paleturquoise,-34.013527253873086,-48.87679872898697,57.925773695576396
Area Lateral Intraparietal Ventral,LIPv,R,47,Secondary Visual,VIS2,2,112,slateblue,-28.155727364035215,-56.40597032534531,51.892383146597666
Ventral Intraparietal Complex,VIP,R,48,Secondary Visual,VIS2,2,113,slateblue,-21.135224349167895,-63.522022094508266,58.557745310028906
Medial Intraparietal Area,MIP,R,49,Dorsal-Attention,DAN,5,328,limegreen,-21.902466154506065,-64.06927991408277,42.46473299103342
Area 1,1,R,50,Somatomotor,SMN,3,180,paleturquoise,-42.82543739491762,-26.06374197376756,55.413830956521686
Area 2,2,R,51,Somatomotor,SMN,3,181,paleturquoise,-35.37765422722466,-34.64679406411776,51.248987403995095
Area 3a,3a,R,52,Somatomotor,SMN,3,182,paleturquoise,-34.03805206021989,-21.731623342363513,42.137554291331476
Dorsal Area 6,6d,R,53,Somatomotor,SMN,3,183,paleturquoise,-33.31843089329377,-13.546505455882365,62.987110657936356
Area 6mp,6mp,R,54,Somatomotor,SMN,3,184,paleturquoise,-13.010668678596263,-14.760345586672987,66.51880158673104
Ventral Area 6,6v,R,55,Somatomotor,SMN,3,185,paleturquoise,-57.78732564279379,1.7865743451383664,31.18446873691633
Area Posterior 24 Prime,p24pr,R,56,Cingulo-Opercular,CON,4,253,darkorchid,-4.0267585447404235,-1.3054161864843845,38.12019439714145
Area 33 Prime,33pr,R,57,Frontoparietal,FPN,7,424,yellow,-3.731114891181038,10.910778764806016,28.304464554863344
Anterior 24 Prime,a24pr,R,58,Cingulo-Opercular,CON,4,254,darkorchid,-5.840328623158063,17.209242093778705,30.906675185960086
Area p32 Prime,p32pr,R,59,Cingulo-Opercular,CON,4,255,darkorchid,-10.225064220975657,14.336768931378431,37.371167190739364
Area a24,a24,R,60,Default,DMN,9,589,red,-5.472992638255773,38.901370119244866,-0.7901620567430941
Area Dorsal 32,d32,R,61,Frontoparietal,FPN,7,425,yellow,-9.640421273051828,39.32189077225284,22.064772524695467
Area 8BM,8BM,R,62,Frontoparietal,FPN,7,426,yellow,-6.246835289782965,30.396630598549347,42.56370150020272
Area p32,p32,R,63,Default,DMN,9,590,red,-11.200951941951907,45.68710762990546,-1.0125810759673022
Area 10r,10r,R,64,Default,DMN,9,591,red,-7.862604599856259,48.072253357962275,-8.649046870362893
Area 47m,47m,R,65,Default,DMN,9,592,red,-35.24044844872841,30.975592778201847,-13.953970748160963
Area 8Av,8Av,R,66,Default,DMN,9,593,red,-37.30133094514282,16.672398927938975,48.224746028622924
Area 8Ad,8Ad,R,67,Default,DMN,9,594,red,-23.50686463592582,24.671648526665663,40.896459178875105
Area 9 Middle,9m,R,68,Default,DMN,9,595,red,-7.463234570151881,51.15403168996175,22.127069633885434
Area 8B Lateral,8BL,R,69,Default,DMN,9,596,red,-11.783135430696074,35.64495121924233,50.507457913945636
Area 9 Posterior,9p,R,70,Default,DMN,9,597,red,-17.942822161634602,43.58272669350731,37.115900989486136
Area 10d,10d,R,71,Default,DMN,9,598,red,-10.902636544514692,62.33392958767549,9.076359876064151
Area 8C,8C,R,72,Frontoparietal,FPN,7,427,yellow,-40.15010651791622,15.600941840798779,35.634153626015454
Area 44,44,R,73,Frontoparietal,FPN,7,428,yellow,-50.50706268179005,15.36286573026372,11.899436233715079
Area 45,45,R,74,Language,LAN,6,378,lightseagreen,-47.485427050410955,27.036108803050787,3.081678892463878
Area 47l,47l,R,75,Default,DMN,9,599,red,-44.04683181902045,30.884001161409838,-10.414625425498416
Area Anterior 47r,a47r,R,76,Frontoparietal,FPN,7,429,yellow,-38.97585827561676,45.736491225195714,-9.854219214320997
Rostral Area 6,6r,R,77,Cingulo-Opercular,CON,4,256,darkorchid,-51.22092392006699,5.582354838598747,16.469393075595857
Area IFJa,IFJa,R,78,Language,LAN,6,379,lightseagreen,-39.21595883243298,11.813573503410165,24.609696336103706
Area IFJp,IFJp,R,79,Frontoparietal,FPN,7,430,yellow,-39.16651444606097,2.981141001438774,27.55301363059724
Area IFSp,IFSp,R,80,Frontoparietal,FPN,7,431,yellow,-44.12612260671762,20.85989202902867,21.03579355753385
Area IFSa,IFSa,R,81,Cingulo-Opercular,CON,4,257,darkorchid,-43.3247980570292,30.57899670987516,12.265095538563198
Area Posterior 9-46v,p9-46v,R,82,Frontoparietal,FPN,7,432,yellow,-42.87624267847172,28.853326362686733,27.022598698997978
Area 46,46,R,83,Cingulo-Opercular,CON,4,258,darkorchid,-36.037809933145425,35.18663179186457,28.753005647614188
Area Anterior 9-46v,a9-46v,R,84,Frontoparietal,FPN,7,433,yellow,-36.826557020373656,47.20390166081949,8.785494273351672
Area 9-46d,9-46d,R,85,Cingulo-Opercular,CON,4,259,darkorchid,-28.165063848038635,41.778062442105686,21.758890624174814
Area 9 Anterior,9a,R,86,Default,DMN,9,600,red,-19.598339551137983,52.95753678201409,24.354342245811488
Area 10v,10v,R,87,Default,DMN,9,601,red,-4.307490283886363,48.32864888600726,-18.676481397436014
Area Anterior 10p,a10p,R,88,Frontoparietal,FPN,7,434,yellow,-24.979259527030113,54.33875043852991,-4.462114424735284
Polar 10p,10pp,R,89,Default,DMN,9,602,red,-12.750246550971433,57.83224233308635,-14.94785900662962
Area 11l,11l,R,90,Frontoparietal,FPN,7,435,yellow,-24.844154823378126,43.95411841565061,-13.300719174228577
Area 13l,13l,R,91,Frontoparietal,FPN,7,436,yellow,-22.447426339015646,26.937644561835096,-18.29629052062101
Orbital Frontal Complex,OFC,R,92,Frontoparietal,FPN,7,437,yellow,-11.059454410888426,30.18642807087862,-22.249005885679235
Area 47s,47s,R,93,Default,DMN,9,603,red,-31.403824181602406,20.47949817157782,-17.512747395914584
Area Lateral Intraparietal Dorsal,LIPd,R,94,Dorsal-Attention,DAN,5,329,limegreen,-28.655388191657337,-54.86310739284608,40.7526542539519
Area 6 Anterior,6a,R,95,Dorsal-Attention,DAN,5,330,limegreen,-24.398077890758135,-3.387908954855461,52.312709473347866
Inferior 6-8 Transitional Area,i6-8,R,96,Frontoparietal,FPN,7,438,yellow,-30.530636441729325,7.397161484768916,52.28738870950779
Superior 6-8 Transitional Area,s6-8,R,97,Frontoparietal,FPN,7,439,yellow,-22.18244936256533,21.393804220889212,54.336905016572935
Area 43,43,R,98,Cingulo-Opercular,CON,4,260,darkorchid,-56.34567482306309,-1.1971370375733392,8.68041469826368
Area OP4/PV,OP4,R,99,Somatomotor,SMN,3,186,paleturquoise,-57.95427212429681,-13.24610554722619,14.343776969317586
Area OP1/SII,OP1,R,100,Somatomotor,SMN,3,187,paleturquoise,-46.68335226460507,-22.29672001913974,17.868175441340398
Area OP2-3/VS,OP2-3,R,101,Somatomotor,SMN,3,188,paleturquoise,-39.487823618265026,-16.751875371861278,17.266274979240016
Area 52,52,R,102,Auditory,AUD,8,506,orchid,-38.63744706750151,-22.8133846805881,-1.0072415285767653
Retroinsular Cortex,RI,R,103,Somatomotor,SMN,3,189,paleturquoise,-39.17052912948155,-34.34012732175317,16.919788240992983
Area PFcm,PFcm,R,104,Cingulo-Opercular,CON,4,261,darkorchid,-50.32594675729833,-32.495423697582574,20.074811321646195
Posterior Insular Area 2,PoI2,R,105,Cingulo-Opercular,CON,4,262,darkorchid,-38.61627899075147,-4.479036966529646,-2.747915300777795
Area TA2,TA2,R,106,Auditory,AUD,8,507,orchid,-51.14334639648096,-1.4952345896598358,-8.492118345589198
Frontal Opercular Area 4,FOP4,R,107,Cingulo-Opercular,CON,4,263,darkorchid,-38.12031926937446,12.914343147101754,7.431013457561674
Middle Insular Area,MI,R,108,Cingulo-Opercular,CON,4,264,darkorchid,-35.30341906670513,8.95502726285102,2.515292179714728
Pirform Cortex,Pir,R,109,Orbito-Affective,ORA,12,699,olivedrab,-31.213217089528996,3.7331879166159703,-18.515243701336097
Anterior Ventral Insular Area,AVI,R,110,Frontoparietal,FPN,7,440,yellow,-29.803856559305885,24.05996133761699,-3.18206727115812
Anterior Agranular Insula Complex,AAIC,R,111,Orbito-Affective,ORA,12,700,olivedrab,-32.60864862805153,12.705161319422414,-12.539919926807311
Frontal Opercular Area 1,FOP1,R,112,Cingulo-Opercular,CON,4,265,darkorchid,-50.01764770814009,2.661218152372135,3.9827574085861595
Frontal Opercular Area 3,FOP3,R,113,Cingulo-Opercular,CON,4,266,darkorchid,-35.04283032676046,3.178239458121446,11.968206481416097
Frontal Opercular Area 2,FOP2,R,114,Somatomotor,SMN,3,190,paleturquoise,-41.13257716178894,-3.9041254169133026,13.671373302936553
Area PFt,PFt,R,115,Dorsal-Attention,DAN,5,331,limegreen,-49.89126420702253,-29.139897428240094,35.65341105536809
Anterior Intraparietal Area,AIP,R,116,Dorsal-Attention,DAN,5,332,limegreen,-35.72048568958331,-41.35029102695505,40.174122568890404
Entorhinal Cortex,EC,R,117,Default,DMN,9,604,red,-21.13589543500182,-12.380277375752515,-29.279187366544082
Presubiculum,PreS,R,118,Default,DMN,9,605,red,-19.415967715745357,-32.57380053576301,-11.658631613380795
Hippocampus,H,R,119,Default,DMN,9,606,red,-30.988370128676824,-27.1832789424851,-15.777586347559696
Prostriate Area,ProS,R,120,Primary Visual,VIS1,1,5,royalblue,-21.13550644473753,-56.04014808544214,2.1469751778760573
Perirhinal Ectorhinal Cortex,PeEc,R,121,Ventral-Multimodal,VMM,11,690,orange,-29.82752715318631,-10.611986461735796,-33.11076779243274
Area STGa,STGa,R,122,Language,LAN,6,380,lightseagreen,-50.863039967331474,9.023043960620353,-18.046503085415463
Parabelt Complex,PBelt,R,123,Auditory,AUD,8,508,orchid,-53.916564639302706,-25.370212485806253,4.901060964249624
Auditory 5 Complex,A5,R,124,Language,LAN,6,381,lightseagreen,-61.43711092161096,-17.509691722675875,-3.0113820334511767
Parahippocampal Area 1,PHA1,R,125,Default,DMN,9,607,red,-22.008596548578147,-35.39426658914773,-16.772039772046057
Parahippocampal Area 3,PHA3,R,126,Dorsal-Attention,DAN,5,333,limegreen,-33.09714329575693,-37.944005609224625,-17.38847527757037
Area STSd Anterior,STSda,R,127,Default,DMN,9,608,red,-53.73259296237862,-10.688955432358767,-11.868751575954281
Area STSd Posterior,STSdp,R,128,Language,LAN,6,382,lightseagreen,-51.68198911116213,-34.128281308018515,-1.5372112200470742
Area STSv Posterior,STSvp,R,129,Default,DMN,9,609,red,-53.86241283102248,-36.202694655158474,-6.08819375977744
Area TG Dorsal,TGd,R,130,Default,DMN,9,610,red,-39.032054318086075,7.849032286584651,-32.02846582217312
Area TE1 Anterior,TE1a,R,131,Default,DMN,9,611,red,-59.47370128026084,-12.011313531951851,-22.022009937851518
Area TE1 Posterior,TE1p,R,132,Frontoparietal,FPN,7,441,yellow,-59.65729843685999,-45.05660049425468,-11.746970390661192
Area TE2 Anterior,TE2a,R,133,Default,DMN,9,612,red,-53.17519257700611,-23.42191400850833,-29.72327950097233
Area TF,TF,R,134,Ventral-Multimodal,VMM,11,691,orange,-40.530050472972654,-22.595204420188768,-27.673938602651262
Area TE2 Posterior,TE2p,R,135,Dorsal-Attention,DAN,5,334,limegreen,-46.958882656050086,-40.759039344030334,-21.95007666287292
Area PHT,PHT,R,136,Dorsal-Attention,DAN,5,335,limegreen,-57.03837095238696,-57.210654274074514,-1.0998823638320312
Area PH,PH,R,137,Secondary Visual,VIS2,2,114,slateblue,-45.478944856409775,-61.144195305623654,-9.596456808202406
Area Temporoparietooccipital Junction 1,TPOJ1,R,138,Language,LAN,6,383,lightseagreen,-52.65173389310035,-46.043796334311224,7.417226430690177
Area Temporoparietooccipital Junction 2,TPOJ2,R,139,Posterior-Multimodal,PMM,10,657,peru,-48.14924139792795,-61.15441323285127,9.998153475660775
Area Temporoparietooccipital Junction 3,TPOJ3,R,140,Posterior-Multimodal,PMM,10,658,peru,-42.996239004135134,-69.69442632675171,14.341380443572998
Dorsal Transitional Visual Area,DVT,R,141,Primary Visual,VIS1,1,6,royalblue,-18.36073738613794,-71.16230429604997,28.539647821770156
Area PGp,PGp,R,142,Dorsal-Attention,DAN,5,336,limegreen,-40.17574005126953,-80.26736714377333,20.86957690680205
Area Intraparietal 2,IP2,R,143,Frontoparietal,FPN,7,442,yellow,-39.58654375076294,-51.092152378082275,38.18484535217285
Area Intraparietal 1,IP1,R,144,Frontoparietal,FPN,7,443,yellow,-30.445121087434092,-66.48678676432888,39.318078205262346
Area Intraparietal,IP0,R,145,Dorsal-Attention,DAN,5,337,limegreen,-31.141875647773308,-75.40146452755076,23.987204270671075
Area PF Opercular,PFop,R,146,Cingulo-Opercular,CON,4,267,darkorchid,-60.06584795382367,-23.583694016976068,25.818762484835784
Area PF Complex,PF,R,147,Cingulo-Opercular,CON,4,268,darkorchid,-56.276961975937205,-39.41232893697607,35.308427357662715
Area PFm Complex,PFm,R,148,Frontoparietal,FPN,7,444,yellow,-48.54339765986828,-56.42161428544143,38.2369753223981
Area PGi,PGi,R,149,Default,DMN,9,613,red,-43.42146622150316,-59.143693923950195,21.71223773267291
Area PGs,PGs,R,150,Default,DMN,9,614,red,-40.58542807944952,-71.63326177568234,34.241424595121174
Area V6A,V6A,R,151,Secondary Visual,VIS2,2,115,slateblue,-18.808761187962123,-84.0993231213282,37.684414984687926
Ventromedial Visual Area 1,VMV1,R,152,Secondary Visual,VIS2,2,116,slateblue,-20.06077492100696,-52.73832470437755,-7.417845629991056
Ventromedial Visual Area 3,VMV3,R,153,Secondary Visual,VIS2,2,117,slateblue,-29.436971695192398,-60.10300299121487,-10.817504201396819
Parahippocampal Area 2,PHA2,R,154,Default,DMN,9,615,red,-31.303292100199588,-36.51029245018354,-14.755601853888653
Area V4t,V4t,R,155,Secondary Visual,VIS2,2,118,slateblue,-43.38335306413712,-76.31334563224546,-2.2123417584450857
Area FST,FST,R,156,Secondary Visual,VIS2,2,119,slateblue,-46.98093175021085,-64.77760997425426,-1.800059540881352
Area V3CD,V3CD,R,157,Secondary Visual,VIS2,2,120,slateblue,-34.51870502309596,-85.32875361341111,10.533354806773206
Area Lateral Occipital 3,LO3,R,158,Secondary Visual,VIS2,2,121,slateblue,-44.90709783700796,-78.73089799147385,9.230543793164767
Ventromedial Visual Area 2,VMV2,R,159,Secondary Visual,VIS2,2,122,slateblue,-28.029132804540804,-53.10179996765313,-7.245209140117986
Area 31pd,31pd,R,160,Default,DMN,9,616,red,-11.355337859512469,-51.48406502959925,34.154512401895786
Area 31a,31a,R,161,Frontoparietal,FPN,7,445,yellow,-6.193415308963357,-37.06763502352499,42.004916637619104
Ventral Visual Complex,VVC,R,162,Secondary Visual,VIS2,2,123,slateblue,-31.161642958846272,-51.64448357835601,-19.15631687490246
Area 25,25,R,163,Default,DMN,9,617,red,-4.9148662981948235,23.229373420157085,-12.721434595785167
Area s32,s32,R,164,Default,DMN,9,618,red,-7.303865087032318,34.33318330219814,-13.235999056271144
Posterior OFC Complex,pOFC,R,165,Orbito-Affective,ORA,12,701,olivedrab,-13.893804389772294,13.282412413051404,-18.464624216613213
Area Posterior Insular 1,PoI1,R,166,Cingulo-Opercular,CON,4,269,darkorchid,-38.11619329329301,-12.14243912529826,-6.969435761602371
Insular Granular Complex,Ig,R,167,Somatomotor,SMN,3,191,paleturquoise,-35.50088282893686,-15.442047401386148,13.51913931878174
Area Frontal Opercular 5,FOP5,R,168,Cingulo-Opercular,CON,4,270,darkorchid,-34.214653799089334,26.402747445187327,4.762717262378731
Area Posterior 10p,p10p,R,169,Frontoparietal,FPN,7,446,yellow,-22.173930795249174,57.34366443682672,4.065507138158129
Area Posterior 47r,p47r,R,170,Frontoparietal,FPN,7,447,yellow,-42.037129531121614,39.83538066883119,0.8070286424249062
Area TG Ventral,TGv,R,171,Language,LAN,6,384,lightseagreen,-39.083227913606905,-2.9554353965905675,-41.542673910259296
Medial Belt Complex,MBelt,R,172,Auditory,AUD,8,509,orchid,-44.27053161621094,-18.80013602892558,1.91161684678557
Lateral Belt Complex,LBelt,R,173,Auditory,AUD,8,510,orchid,-45.274778143403495,-28.237840394279882,6.438611199609721
Auditory 4 Complex,A4,R,174,Auditory,AUD,8,511,orchid,-62.865576158135624,-22.787636266389892,4.89821794143026
Area STSv Anterior,STSva,R,175,Default,DMN,9,619,red,-51.91285832532342,-14.253046857525428,-16.839735082600605
Area TE1 Middle,TE1m,R,176,Frontoparietal,FPN,7,448,yellow,-60.898979722105,-29.035935555827745,-17.06852360692319
Para-Insular Area,PI,R,177,Cingulo-Opercular,CON,4,271,darkorchid,-43.66333418314436,-6.439811302022596,-15.546535972156356
Area Anterior 32 Prime,a32pr,R,178,Cingulo-Opercular,CON,4,272,darkorchid,-10.614765218810746,29.20779574935305,26.915863808011196
Area Posterior 24,p24,R,179,Cingulo-Opercular,CON,4,273,darkorchid,-4.584844191367694,34.61082077026367,15.001434171237404
Primary Visual Cortex,V1,L,180,Primary Visual,VIS1,1,1,royalblue,13.887050617306127,-79.36989108770872,2.9553958632093544
Medial Superior Temporal Area,MST,L,181,Secondary Visual,VIS2,2,70,slateblue,43.310779294100676,-65.46435175313579,3.658883157188629
Sixth Visual Area,V6,L,182,Secondary Visual,VIS2,2,71,slateblue,17.078186308833914,-76.27357601112044,28.45322639841429
Second Visual Area,V2,L,183,Secondary Visual,VIS2,2,72,slateblue,13.892813979164488,-79.52884223348757,3.7230942682971833
Third Visual Area,V3,L,184,Secondary Visual,VIS2,2,73,slateblue,19.74096327681467,-85.70510482404507,6.249615126569901
Fourth Visual Area,V4,L,185,Secondary Visual,VIS2,2,74,slateblue,29.711219380245634,-82.54147823571975,-1.2767005645588856
Eighth Visual Area,V8,L,186,Secondary Visual,VIS2,2,75,slateblue,31.210006467412025,-72.26323500643956,-12.862110223662988
Primary Motor Cortex,4,L,187,Somatomotor,SMN,3,153,paleturquoise,28.231782855505145,-17.790987566446137,53.60432055531464
Primary Sensory Cortex,3b,L,188,Somatomotor,SMN,3,154,paleturquoise,35.839329752522204,-22.864194110456307,50.965423106399825
Frontal Eye Fields,FEF,L,189,Cingulo-Opercular,CON,4,220,darkorchid,40.910370786330276,-2.8142629912890054,48.77751171785243
Premotor Eye Field,PEF,L,190,Dorsal-Attention,DAN,5,315,limegreen,44.179300769170126,1.8433903087784225,35.28634622891744
Area 55b,55b,L,191,Language,LAN,6,362,lightseagreen,46.77462659822224,1.33605970499369,44.429485765035814
Area V3A,V3A,L,192,Secondary Visual,VIS2,2,76,slateblue,16.94195029782933,-87.1539438310838,26.6030034147351
Retrosplenial Complex,RSC,L,193,Frontoparietal,FPN,7,399,yellow,6.13041883900052,-34.591367713042665,21.693720908051446
Parieto-Occipital Sulcus Area 2,POS2,L,194,Frontoparietal,FPN,7,400,yellow,11.862585012336755,-69.05432023039651,36.230619758640955
Seventh Visual Area,V7,L,195,Secondary Visual,VIS2,2,77,slateblue,25.191641614153667,-80.88593905789035,29.83997991868666
Intraparietal Sulcus Area 1,IPS1,L,196,Secondary Visual,VIS2,2,78,slateblue,25.105551132789024,-67.62957604376824,35.06936701051482
Fusiform Face Complex,FFC,L,197,Secondary Visual,VIS2,2,79,slateblue,39.90068413595135,-55.204514321316495,-18.45678521059872
Area V3B,V3B,L,198,Secondary Visual,VIS2,2,80,slateblue,28.714562545088306,-75.25886677304376,19.568328541216864
Area Lateral Occipital 1,LO1,L,199,Secondary Visual,VIS2,2,81,slateblue,37.8457385675231,-82.38388756139955,3.456469645417893
Area Lateral Occipital 2,LO2,L,200,Secondary Visual,VIS2,2,82,slateblue,43.85358004136519,-81.56364132274281,-5.214469805292108
Posterior Inferotemporal Complex,PIT,L,201,Secondary Visual,VIS2,2,83,slateblue,42.42836077134688,-79.09155782762464,-13.510534650676853
Middle Temporal Area,MT,L,202,Secondary Visual,VIS2,2,84,slateblue,46.17351059866424,-71.35440879293007,5.913793778123807
Primary Auditory Cortex,A1,L,203,Auditory,AUD,8,497,orchid,43.89731429344,-23.41668770241975,9.653817468307343
Perisylvian Language Area,PSL,L,204,Language,LAN,6,363,lightseagreen,60.848223095744885,-38.67525379959507,21.155849746042946
Superior Frontal Language Area,SFL,L,205,Language,LAN,6,364,lightseagreen,8.946382761391797,15.959087606428005,62.292592637082365
Precuneus Visual Area,PCV,L,206,Posterior-Multimodal,PMM,10,652,peru,7.151490455330489,-52.27662094024841,48.62298272869544
Superior Temporal Visual Area,STV,L,207,Language,LAN,6,365,lightseagreen,55.861015230217234,-42.64806012232565,15.237728991497816
Medial Area 7P,7Pm,L,208,Frontoparietal,FPN,7,401,yellow,6.585124917226295,-65.35941012358245,48.63501740248469
Area 7m,7m,L,209,Default,DMN,9,543,red,6.020778954105597,-59.98805299496926,35.01952804007181
Parieto-Occipital Sulcus Area 1,POS1,L,210,Default,DMN,9,544,red,11.919038406827234,-57.46658580165264,15.082034333062566
Area 23d,23d,L,211,Default,DMN,9,545,red,3.6407217454259624,-22.457206830179018,38.248869711892645
Area Ventral 23 a+b,v23ab,L,212,Default,DMN,9,546,red,5.102271156610498,-53.05748114839268,19.287642105765965
Area Dorsal 23 a+b,d23ab,L,213,Default,DMN,9,547,red,3.830383443181425,-39.89690883493261,31.838966903426133
Area 31p Ventral,31pv,L,214,Default,DMN,9,548,red,9.569998395609689,-44.663056927127435,33.270957690018875
Area 5m,5m,L,215,Somatomotor,SMN,3,155,paleturquoise,5.7346564716433885,-37.764129683690044,63.252213988689164
Area 5m Ventral,5mv,L,216,Cingulo-Opercular,CON,4,221,darkorchid,13.720292980212506,-38.87281785352712,50.99136920600578
Area 23c,23c,L,217,Cingulo-Opercular,CON,4,222,darkorchid,12.176561750375999,-32.161806158029805,41.728008474673864
Area 5L,5L,L,218,Somatomotor,SMN,3,156,paleturquoise,12.46138293922475,-43.92801097431014,69.80071337455142
Dorsal Area 24d,24dd,L,219,Somatomotor,SMN,3,157,paleturquoise,8.240667152404786,-17.3729279119559,49.838427514740914
Ventral Area 24d,24dv,L,220,Somatomotor,SMN,3,158,paleturquoise,10.704983645297112,-4.912975543429097,45.36504047474963
Lateral Area 7A,7AL,L,221,Somatomotor,SMN,3,159,paleturquoise,19.55219326752883,-50.71401164295909,63.24445317865728
Supplementary and Cingulate Eye Field,SCEF,L,222,Cingulo-Opercular,CON,4,223,darkorchid,7.204394511631557,4.132872820858444,56.57250136893136
Area 6m Anterior,6ma,L,223,Cingulo-Opercular,CON,4,224,darkorchid,18.503915534415203,4.680788268665756,63.018158479312845
Medial Area 7A,7Am,L,224,Cingulo-Opercular,CON,4,225,darkorchid,8.580073478421886,-58.65117053104728,60.00042330196283
Lateral Area 7P,7PL,L,225,Dorsal-Attention,DAN,5,316,limegreen,13.593568701844115,-70.23360315069452,53.24464963366102
Area 7PC,7PC,L,226,Somatomotor,SMN,3,160,paleturquoise,32.75689313340895,-47.583935917013946,59.20493295499594
Area Lateral Intraparietal Ventral,LIPv,L,227,Secondary Visual,VIS2,2,85,slateblue,27.396142705666314,-55.4027375121701,51.14089537604674
Ventral Intraparietal Complex,VIP,L,228,Secondary Visual,VIS2,2,86,slateblue,19.5273081497919,-60.632863217308405,59.113363872709726
Medial Intraparietal Area,MIP,L,229,Dorsal-Attention,DAN,5,317,limegreen,24.083320701926763,-63.10145484128613,45.13467316890787
Area 1,1,L,230,Somatomotor,SMN,3,161,paleturquoise,43.72139386641076,-24.206546624890166,54.95643517137448
Area 2,2,L,231,Somatomotor,SMN,3,162,paleturquoise,35.360611483111974,-32.84127513101082,50.24447487720787
Area 3a,3a,L,232,Somatomotor,SMN,3,163,paleturquoise,31.549954946835836,-21.500182813439665,44.88534088027006
Dorsal Area 6,6d,L,233,Somatomotor,SMN,3,164,paleturquoise,35.68441424522226,-12.14165571672187,61.29053303095848
Area 6mp,6mp,L,234,Somatomotor,SMN,3,165,paleturquoise,15.910815352422826,-11.987055191639529,65.051229322137
Ventral Area 6,6v,L,235,Somatomotor,SMN,3,166,paleturquoise,57.14770059625924,3.552117983868401,30.122049823970823
Area Posterior 24 Prime,p24pr,L,236,Cingulo-Opercular,CON,4,226,darkorchid,5.414102165819072,-2.9204213740873626,40.22871081263041
Area 33 Prime,33pr,L,237,Cingulo-Opercular,CON,4,227,darkorchid,4.462179093564291,11.067387572361676,28.976017866089446
Anterior 24 Prime,a24pr,L,238,Cingulo-Opercular,CON,4,228,darkorchid,5.738726744691421,16.467328706936822,32.771810283291046
Area p32 Prime,p32pr,L,239,Cingulo-Opercular,CON,4,229,darkorchid,10.87481446710735,13.586269594852647,38.88770550451364
Area a24,a24,L,240,Default,DMN,9,549,red,6.797212486150788,37.23310753426901,-0.2677614513557495
Area Dorsal 32,d32,L,241,Default,DMN,9,550,red,10.589355239840994,36.88531126256002,24.176788713178063
Area 8BM,8BM,L,242,Frontoparietal,FPN,7,402,yellow,6.50948957157037,27.818189362215236,45.22118758371163
Area p32,p32,L,243,Default,DMN,9,551,red,11.46897485556192,43.84883200201241,-1.6800848100792871
Area 10r,10r,L,244,Default,DMN,9,552,red,8.39790095844488,46.901424329034214,-8.287501243159346
Area 47m,47m,L,245,Default,DMN,9,553,red,34.124862833087946,30.219248064521217,-15.033863434175245
Area 8Av,8Av,L,246,Default,DMN,9,554,red,37.57290074178928,19.790576347646553,45.976573792564594
Area 8Ad,8Ad,L,247,Default,DMN,9,555,red,23.292492822896914,26.22892533617555,42.85689357908253
Area 9 Middle,9m,L,248,Default,DMN,9,556,red,8.788220864376964,50.56907703636545,20.416595986194054
Area 8B Lateral,8BL,L,249,Default,DMN,9,557,red,11.890706809394413,37.84835931946365,48.97976673212384
Area 9 Posterior,9p,L,250,Default,DMN,9,558,red,19.24805100712053,45.241040130075895,34.00477950667773
Area 10d,10d,L,251,Default,DMN,9,559,red,10.847194275783218,63.03291784534017,6.255040807538855
Area 8C,8C,L,252,Frontoparietal,FPN,7,403,yellow,38.391927048109906,18.145700695992396,34.43427556285347
Area 44,44,L,253,Language,LAN,6,366,lightseagreen,51.47238786546446,17.692261431028516,12.052181920902335
Area 45,45,L,254,Language,LAN,6,367,lightseagreen,49.855585037523014,27.009166905834416,3.2510815743730657
Area 47l,47l,L,255,Default,DMN,9,560,red,45.497773417438644,31.684448675330415,-11.40436136865046
Area Anterior 47r,a47r,L,256,Frontoparietal,FPN,7,404,yellow,37.61392022023159,47.71426176813851,-6.161556343997177
Rostral Area 6,6r,L,257,Cingulo-Opercular,CON,4,230,darkorchid,49.669886431216085,7.158090549749094,16.345508455358903
Area IFJa,IFJa,L,258,Language,LAN,6,368,lightseagreen,40.30830634311164,17.43523290559843,22.525179194165514
Area IFJp,IFJp,L,259,Frontoparietal,FPN,7,405,yellow,36.61615987761859,7.7163422536982065,26.669098349489335
Area IFSp,IFSp,L,260,Language,LAN,6,369,lightseagreen,45.44725372359069,26.171645699885854,18.483598430254307
Area IFSa,IFSa,L,261,Frontoparietal,FPN,7,406,yellow,45.704532643581956,34.44985624069863,6.0991664944697135
Area Posterior 9-46v,p9-46v,L,262,Frontoparietal,FPN,7,407,yellow,43.650189630827256,30.67658539459802,26.63576027429658
Area 46,46,L,263,Cingulo-Opercular,CON,4,231,darkorchid,33.61564771966283,34.5369429622788,29.477864915012834
Area Anterior 9-46v,a9-46v,L,264,Frontoparietal,FPN,7,408,yellow,39.09827448527018,47.419462034437394,10.991308859542563
Area 9-46d,9-46d,L,265,Cingulo-Opercular,CON,4,232,darkorchid,27.857459076579158,43.430412280059244,22.61229518802052
Area 9 Anterior,9a,L,266,Default,DMN,9,561,red,18.72593340132637,57.28194074166626,20.89509933298012
Area 10v,10v,L,267,Default,DMN,9,562,red,5.520297572360061,47.82779639986803,-15.705479564022175
Area Anterior 10p,a10p,L,268,Frontoparietal,FPN,7,409,yellow,25.08274024609098,56.998052106820225,-6.669650769001979
Polar 10p,10pp,L,269,Default,DMN,9,563,red,13.390353315869364,57.48402772920834,-15.293866869345262
Area 11l,11l,L,270,Frontoparietal,FPN,7,410,yellow,24.78046400376359,42.636629354927905,-14.484453079240183
Area 13l,13l,L,271,Frontoparietal,FPN,7,411,yellow,21.677095268005715,24.716341237376508,-19.128101750424033
Orbital Frontal Complex,OFC,L,272,Default,DMN,9,564,red,10.354353525913337,30.987412412281817,-22.81661377874892
Area 47s,47s,L,273,Default,DMN,9,565,red,31.176254011847234,21.031124934061868,-17.450485650483554
Area Lateral Intraparietal Dorsal,LIPd,L,274,Dorsal-Attention,DAN,5,318,limegreen,30.431752597584445,-53.87307394155383,43.00785490272011
Area 6 Anterior,6a,L,275,Dorsal-Attention,DAN,5,319,limegreen,26.487556132769793,-1.582860143310404,50.343297078658125
Inferior 6-8 Transitional Area,i6-8,L,276,Frontoparietal,FPN,7,412,yellow,33.04994983745344,11.6032800706047,51.76794738480539
Superior 6-8 Transitional Area,s6-8,L,277,Frontoparietal,FPN,7,413,yellow,20.36637996681153,18.317241532461985,55.499701696728906
Area 43,43,L,278,Cingulo-Opercular,CON,4,233,darkorchid,56.442986274148055,-1.7421346547718304,9.883443550311307
Area OP4/PV,OP4,L,279,Somatomotor,SMN,3,167,paleturquoise,57.251809948552264,-13.579076578364756,15.873170126093566
Area OP1/SII,OP1,L,280,Somatomotor,SMN,3,168,paleturquoise,44.05731804350503,-21.722215970357258,18.261149094654964
Area OP2-3/VS,OP2-3,L,281,Somatomotor,SMN,3,169,paleturquoise,38.43404049940512,-16.423603484328364,18.378323670843958
Area 52,52,L,282,Auditory,AUD,8,498,orchid,38.5233689145103,-23.239599998750833,2.3335228007494284
Retroinsular Cortex,RI,L,283,Auditory,AUD,8,499,orchid,40.62455047823603,-32.28715110472552,17.349032533773986
Area PFcm,PFcm,L,284,Cingulo-Opercular,CON,4,234,darkorchid,47.527035971819345,-29.975464702326025,22.192510580612442
Posterior Insular Area 2,PoI2,L,285,Cingulo-Opercular,CON,4,235,darkorchid,39.282091661357526,-5.440917335010067,-0.48223097397685916
Area TA2,TA2,L,286,Auditory,AUD,8,500,orchid,51.986626026793296,-2.3389206554270188,-7.232130556249717
Frontal Opercular Area 4,FOP4,L,287,Cingulo-Opercular,CON,4,236,darkorchid,37.67432909233626,13.590391015876008,8.334515291412657
Middle Insular Area,MI,L,288,Cingulo-Opercular,CON,4,237,darkorchid,37.08806981431677,7.335625048890274,2.8739463350577084
Pirform Cortex,Pir,L,289,Orbito-Affective,ORA,12,696,olivedrab,33.35680507347647,3.9349245932901,-18.436102408223448
Anterior Ventral Insular Area,AVI,L,290,Frontoparietal,FPN,7,414,yellow,32.671471567488105,23.909991166662333,-3.2568520394347185
Anterior Agranular Insula Complex,AAIC,L,291,Orbito-Affective,ORA,12,697,olivedrab,33.3301914056716,13.920938587360864,-12.289761595777657
Frontal Opercular Area 1,FOP1,L,292,Cingulo-Opercular,CON,4,238,darkorchid,47.97742168719952,2.7233564429973756,5.920283310376107
Frontal Opercular Area 3,FOP3,L,293,Cingulo-Opercular,CON,4,239,darkorchid,35.240732464260525,5.7813256930891015,11.59592964384291
Frontal Opercular Area 2,FOP2,L,294,Somatomotor,SMN,3,170,paleturquoise,40.33372765287347,-3.8132703274289796,14.90165071749906
Area PFt,PFt,L,295,Dorsal-Attention,DAN,5,320,limegreen,51.46880187706494,-26.360465286621206,38.83498679677976
Anterior Intraparietal Area,AIP,L,296,Dorsal-Attention,DAN,5,321,limegreen,35.601493282206576,-40.998274457384966,41.42828333670633
Entorhinal Cortex,EC,L,297,Default,DMN,9,566,red,21.96507884326734,-13.624029804740037,-26.964519383614522
Presubiculum,PreS,L,298,Default,DMN,9,567,red,20.34635967130675,-34.057009008117404,-8.409546207438499
Hippocampus,H,L,299,Default,DMN,9,568,red,30.818003770366825,-27.285082394994355,-14.70364440075426
Prostriate Area,ProS,L,300,Primary Visual,VIS1,1,2,royalblue,20.451306798070153,-50.50432080454171,0.8520097310697486
Perirhinal Ectorhinal Cortex,PeEc,L,301,Ventral-Multimodal,VMM,11,688,orange,29.334835947737865,-11.281876808458023,-32.36259349626986
Area STGa,STGa,L,302,Language,LAN,6,370,lightseagreen,51.328307400579035,9.508296704162722,-18.856473878673885
Parabelt Complex,PBelt,L,303,Auditory,AUD,8,501,orchid,57.17035430418943,-20.048360630840005,5.883207032632433
Auditory 5 Complex,A5,L,304,Language,LAN,6,371,lightseagreen,61.41614238372366,-18.261600014777446,-2.681127389240153
Parahippocampal Area 1,PHA1,L,305,Default,DMN,9,569,red,22.434268216932974,-34.67591507204117,-16.006137740227484
Parahippocampal Area 3,PHA3,L,306,Dorsal-Attention,DAN,5,322,limegreen,35.0600296495333,-37.52220148979863,-16.534924827044524
Area STSd Anterior,STSda,L,307,Language,LAN,6,372,lightseagreen,52.403257947219046,-7.453179071096115,-14.954168022306343
Area STSd Posterior,STSdp,L,308,Language,LAN,6,373,lightseagreen,48.26541311178586,-30.15340724035732,-3.482092472386097
Area STSv Posterior,STSvp,L,309,Default,DMN,9,570,red,58.070261067357556,-33.60656874122923,-6.801508202812874
Area TG Dorsal,TGd,L,310,Default,DMN,9,571,red,40.37879513902126,9.370614756843445,-32.74218173993386
Area TE1 Anterior,TE1a,L,311,Default,DMN,9,572,red,60.10441845476533,-7.764853744077574,-24.65915837521425
Area TE1 Posterior,TE1p,L,312,Frontoparietal,FPN,7,415,yellow,60.330966824174645,-43.98674863520221,-12.562441034765726
Area TE2 Anterior,TE2a,L,313,Default,DMN,9,573,red,53.81950491657857,-20.10190695341023,-29.561258247409803
Area TF,TF,L,314,Ventral-Multimodal,VMM,11,689,orange,41.29699613195266,-22.30698615860765,-26.918710751777148
Area TE2 Posterior,TE2p,L,315,Dorsal-Attention,DAN,5,323,limegreen,47.029268127583016,-41.66321863763017,-19.72120283817194
Area PHT,PHT,L,316,Dorsal-Attention,DAN,5,324,limegreen,57.409269767630555,-53.27064889096146,-4.095460026344586
Area PH,PH,L,317,Secondary Visual,VIS2,2,87,slateblue,47.28316285875108,-61.487613407770795,-10.945383257336086
Area Temporoparietooccipital Junction 1,TPOJ1,L,318,Language,LAN,6,374,lightseagreen,51.3283321620343,-42.959915152986724,7.281412072994822
Area Temporoparietooccipital Junction 2,TPOJ2,L,319,Posterior-Multimodal,PMM,10,653,peru,52.24157138718371,-58.70893435495508,6.941962424580103
Area Temporoparietooccipital Junction 3,TPOJ3,L,320,Posterior-Multimodal,PMM,10,654,peru,41.02300056658293,-63.28566729036489,13.68726240423389
Dorsal Transitional Visual Area,DVT,L,321,Primary Visual,VIS1,1,3,royalblue,19.651654408602106,-68.00536882541324,29.931415335764022
Area PGp,PGp,L,322,Dorsal-Attention,DAN,5,325,limegreen,40.96109657197416,-77.95892192398685,21.77277690017195
Area Intraparietal 2,IP2,L,323,Frontoparietal,FPN,7,416,yellow,42.15823988127854,-46.44054839761583,39.748918704248496
Area Intraparietal 1,IP1,L,324,Frontoparietal,FPN,7,417,yellow,34.58216405125432,-63.959276605518106,42.4597374913269
Area Intraparietal,IP0,L,325,Dorsal-Attention,DAN,5,326,limegreen,32.9742390250811,-72.32337742444584,27.250701179016225
Area PF Opercular,PFop,L,326,Cingulo-Opercular,CON,4,240,darkorchid,59.547658917693056,-21.3631409314214,27.52088142187417
Area PF Complex,PF,L,327,Cingulo-Opercular,CON,4,241,darkorchid,56.84432239067264,-33.23612418279699,34.15911239247319
Area PFm Complex,PFm,L,328,Frontoparietal,FPN,7,418,yellow,51.688948995461104,-49.26642743107003,37.88880562081952
Area PGi,PGi,L,329,Default,DMN,9,574,red,46.7263025713015,-57.207822761189206,22.84406097770098
Area PGs,PGs,L,330,Default,DMN,9,575,red,43.638271727044895,-65.37200989933856,37.32518296452411
Area V6A,V6A,L,331,Secondary Visual,VIS2,2,88,slateblue,21.200063934010906,-81.29471616508548,41.48933112719828
Ventromedial Visual Area 1,VMV1,L,332,Secondary Visual,VIS2,2,89,slateblue,19.53619846647436,-52.97643860036676,-7.8606061035936525
Ventromedial Visual Area 3,VMV3,L,333,Secondary Visual,VIS2,2,90,slateblue,29.14400111545216,-59.61905312538147,-9.943278059363365
Parahippocampal Area 2,PHA2,L,334,Default,DMN,9,576,red,32.53898613687624,-35.18505295076518,-15.034238167994998
Area V4t,V4t,L,335,Secondary Visual,VIS2,2,91,slateblue,44.955297110737234,-77.20582234110809,-2.0258094737360226
Area FST,FST,L,336,Secondary Visual,VIS2,2,92,slateblue,46.28286220902517,-63.007559350601156,-2.6733750591433125
Area V3CD,V3CD,L,337,Secondary Visual,VIS2,2,93,slateblue,33.2832468139882,-82.59434676656917,13.799409051330722
Area Lateral Occipital 3,LO3,L,338,Secondary Visual,VIS2,2,94,slateblue,44.638306785385616,-77.13308489357017,8.82096734651571
Ventromedial Visual Area 2,VMV2,L,339,Secondary Visual,VIS2,2,95,slateblue,29.575832692314595,-53.21587922713336,-7.0863983757355635
Area 31pd,31pd,L,340,Default,DMN,9,577,red,11.833223829231414,-51.67057206051283,35.522683648949126
Area 31a,31a,L,341,Default,DMN,9,578,red,6.813390610328487,-42.574578152690336,40.96408717184041
Ventral Visual Complex,VVC,L,342,Secondary Visual,VIS2,2,96,slateblue,30.319084555840455,-47.786257623255935,-18.42478187135092
Area 25,25,L,343,Default,DMN,9,579,red,4.9339734234777435,20.35468912449013,-13.052503292252418
Area s32,s32,L,344,Default,DMN,9,580,red,6.851068954584431,32.727728117496596,-12.530833687621884
Posterior OFC Complex,pOFC,L,345,Orbito-Affective,ORA,12,698,olivedrab,15.20758275036673,13.10408029452111,-18.067653109726397
Area Posterior Insular 1,PoI1,L,346,Cingulo-Opercular,CON,4,242,darkorchid,38.936335465762305,-12.951470811577405,-5.393179993603847
Insular Granular Complex,Ig,L,347,Somatomotor,SMN,3,171,paleturquoise,36.03031642110314,-14.202554434111269,14.148011763403021
Area Frontal Opercular 5,FOP5,L,348,Cingulo-Opercular,CON,4,243,darkorchid,36.91756317950531,25.851259163912452,5.091571665667557
Area Posterior 10p,p10p,L,349,Frontoparietal,FPN,7,419,yellow,25.432752805948258,54.692060571908954,5.158525351003846
Area Posterior 47r,p47r,L,350,Frontoparietal,FPN,7,420,yellow,43.88903064978279,41.20667084341425,-2.5178405650101574
Area TG Ventral,TGv,L,351,Language,LAN,6,375,lightseagreen,37.592077897247655,-3.6258636790733556,-41.35750927738637
Medial Belt Complex,MBelt,L,352,Auditory,AUD,8,502,orchid,44.00852110942555,-19.865277437386535,4.409691546641553
Lateral Belt Complex,LBelt,L,353,Auditory,AUD,8,503,orchid,48.46621917791387,-25.899794574378618,7.976871756025686
Auditory 4 Complex,A4,L,354,Auditory,AUD,8,504,orchid,64.16449213752969,-18.627859171772954,4.53679035985679
Area STSv Anterior,STSva,L,355,Default,DMN,9,581,red,53.935251979170175,-14.182665835937549,-17.183428657465967
Area TE1 Middle,TE1m,L,356,Default,DMN,9,582,red,61.26131027293317,-27.643256108339216,-17.124543188509993
Para-Insular Area,PI,L,357,Cingulo-Opercular,CON,4,244,darkorchid,44.60297891761683,-8.93873682242665,-12.304432112204877
Area Anterior 32 Prime,a32pr,L,358,Cingulo-Opercular,CON,4,245,darkorchid,11.054032355843985,27.4801047125528,29.113898179063764
Area Posterior 24,p24,L,359,Cingulo-Opercular,CON,4,246,darkorchid,5.7570615687656925,33.808697716134496,15.809361984169549
